model,bleu,meteor,rouge1,rouge2,rougeL
GPT-5,0.02106254219572443,0.1002236836343334,0.23984375,0.10086004691164972,0.10468749999999999
GPT-4o,0.004843019501564992,0.07197213905412936,0.21241258741258742,0.08136482939632546,0.11625874125874125
Gemini,0.004309290641430891,0.07079733165776521,0.16760746851932262,0.06605823554976098,0.08944854537559704
Grok,0.00559631102187989,0.0851037176386276,0.2127107652399481,0.088273474686283,0.11327280587980978
Claude,0.02184817635638048,0.10604373761607915,0.2227811713977722,0.08629989212513484,0.10204814947897951
