model,bleu,meteor,rouge1,rouge2,rougeL
GPT-5,0.017641180673195832,0.08874640949538637,0.2533557046979866,0.10327455919395466,0.12080536912751678
GPT-4o,0.007793132417004022,0.07487433475866598,0.2097631706138231,0.0880503144654088,0.13146447559207347
Gemini,0.001103155393848638,0.05025793206664579,0.13870967741935486,0.05274488697524219,0.07741935483870968
Grok,0.015031529037507886,0.09409173573722894,0.2709497206703911,0.11369990680335508,0.12942271880819364
Claude,0.0156686858345752,0.0906229605101945,0.23899878885748888,0.09212121212121212,0.11061768268066209
