model,bleu,meteor,rouge1,rouge2,rougeL
GPT-5,0.013147067461874938,0.08269584070378483,0.15868673050615595,0.05612594113620807,0.0759233926128591
GPT-4o,0.004103692714758264,0.05619794850320962,0.12619502868068835,0.045158821278224265,0.08260038240917783
Gemini,0.0065418037991163015,0.06262746385796066,0.13462976813762154,0.049401197604790406,0.07928197456993269
Grok,0.007027223856419586,0.0731527419542903,0.16511019798281662,0.06280373831775701,0.08292865147553231
Claude,0.012135861490681453,0.07371837076400148,0.16033755274261602,0.058460539136083144,0.08114248620577735
