vis_index,icc_type,icc_value,F,pval,ci95_lower,ci95_upper
0,ICC2,0.09090909090909086,2.8224299065420557,0.04362455647996961,-0.01,0.49
1,ICC2,0.23482849604221623,4.9380530973451275,0.004181969724735985,0.02,0.71
2,ICC2,0.259941089837997,6.711974110032358,0.0008033877673379013,0.03,0.73
