Anzahl,Minimum,Mittelwert,Median,Maximum,SD
3,4.04,6001.346666666666,6000,12000,5997.980113382616
