model,bleu,meteor,rouge1,rouge2,rougeL
GPT-5,0.03550243951264272,0.16524752919263205,0.29231658001155403,0.11451706188548295,0.15713460427498555
GPT-4o,0.02409228024079159,0.12033931977113796,0.30090972708187547,0.09950946040644708,0.18334499650104968
Gemini,0.012435661563254336,0.10136425960328335,0.22352081811541272,0.07754206291148501,0.12563915266617967
Grok,0.02513111312655509,0.15863716373586145,0.32468396540252825,0.11992005329780145,0.17831004657351962
Claude,0.03953704864341868,0.14728072744781978,0.28476454293628806,0.10537992235163618,0.1551246537396122
