model,bleu,meteor,rouge1,rouge2,rougeL
GPT-5,0.019746735579006816,0.1134323352078083,0.24419475655430709,0.08852213053263315,0.100374531835206
GPT-4o,0.008284818739575197,0.08743842596000753,0.2263056092843327,0.06976744186046512,0.12765957446808512
Gemini,0.014928952373254131,0.09067247173273887,0.2084130019120459,0.07662835249042146,0.12810707456978968
Grok,0.018581693074791482,0.10267599843413294,0.2628262826282628,0.0793507664562669,0.11881188118811882
Claude,0.01740127393224373,0.11890084684149622,0.24521072796934867,0.06753645433614736,0.11187739463601531
