count_total,count_numeric,non_detects_count,non_detects_fraction,mean,std,min,25%,50%,75%,max
104,66,63,0.6057692307692307,69401.3926060606,493324.00951625203,0.0,0.03,0.19,2.6075,4000000.0
