model,bleu,meteor,rouge1,rouge2,rougeL
GPT-5,0.03846784606705478,0.16488992978842776,0.2994152046783625,0.11007025761124122,0.16257309941520467
GPT-4o,0.018647330767574185,0.11924557822249156,0.2947813822284909,0.09463276836158192,0.18476727785613542
Gemini,0.012563205158294264,0.10375321752550337,0.21448863636363635,0.069701280227596,0.12073863636363638
Grok,0.03066366928348732,0.16086337358215042,0.308890330953926,0.11306042884990254,0.17261518494484104
Claude,0.04056427478556516,0.1541838629085689,0.28021978021978017,0.10671067106710672,0.14945054945054945
