vis_index,icc_type,icc_value,F,pval,ci95_lower,ci95_upper
0,ICC2,0.4140805928670682,6.411622276029058,0.0010440897818354907,0.1,0.84
1,ICC2,0.03100775193798456,1.2380952380952386,0.3284538044563501,-0.09,0.48
2,ICC2,0.24123337363966127,3.2093023255813926,0.02745142675673239,-0.0,0.73
