model,bleu,meteor,rouge1,rouge2,rougeL
GPT-5,0.034910902689731606,0.13332194629405514,0.2862725940400586,0.10855745721271394,0.15730337078651685
GPT-4o,0.01699015117914815,0.1101527204413849,0.2893081761006289,0.10703043022035677,0.17085953878406712
Gemini,0.003479068613614489,0.07349524933402471,0.17707701637355971,0.06435944140862172,0.1006670709520922
Grok,0.02295631131307384,0.12775055451032716,0.3216494845360825,0.11455108359133125,0.1670103092783505
Claude,0.03618824012401492,0.13144461864094706,0.2813150228880566,0.0982923781757601,0.1373283395755306
