Variable_X,Variable_Y,n,r,p_wert,conf_low,conf_high
Bounce_Rate,Seiten_pro_Besuch,30,-0.9547236333657223,2.822333816312095e-16,-0.97844821407123606,-0.9061218565717125
