metric_clean,mean_val,max_val,min_val
Gästeankünfte,10760.545454545454,13959,8011
Gästeübernachtungen,19836.636363636364,23834,15402
