model,bleu,meteor,rouge1,rouge2,rougeL
GPT-5,0.016237129856516628,0.0871067817559251,0.24359512809743805,0.09920134510298444,0.11927761444771105
GPT-4o,0.008762118982391405,0.07068681823926937,0.18388625592417063,0.07969639468690702,0.12985781990521328
Gemini,0.011300534965431238,0.07615892383711545,0.1846015308419631,0.071203244704822,0.11616389013957677
Grok,0.01289337507419588,0.09181214317791861,0.25905797101449274,0.10879419764279238,0.13768115942028986
Claude,0.016138553054087637,0.08676948381195887,0.20915548539857934,0.07819905213270142,0.11602209944751381
