model,bleu,meteor,rouge1,rouge2,rougeL
GPT-5,0.039782352563358554,0.1551260359389609,0.26422976501305484,0.09827496079456352,0.14203655352480415
GPT-4o,0.027181184919265626,0.12620419415833906,0.2710223835450696,0.10054512416717142,0.15970961887477314
Gemini,0.017744831099460942,0.09862392287437281,0.19579500657030222,0.06578947368421054,0.12483574244415244
Grok,0.034358736702146855,0.1622672515339012,0.3184952978056426,0.12303829252981795,0.16677115987460817
Claude,0.03910752706273882,0.15332740162087563,0.2895156998403406,0.10868407032498667,0.14582224587546566
