model,bleu,meteor,rouge1,rouge2,rougeL
GPT-5,0.018140036516160307,0.09163152455684007,0.22160444797458298,0.0794912559618442,0.11437648927720413
GPT-4o,0.006892754116352211,0.06856691432559832,0.18199608610567514,0.07541625857002938,0.13600782778864973
Gemini,0.009978526151433097,0.07523500031292255,0.18047200370198982,0.07503473830477073,0.11846367422489587
Grok,0.012605239663461444,0.08463425737809256,0.24278515803939532,0.09353507565337002,0.13192853870819973
Claude,0.01739162225381807,0.0889860386707262,0.21439509954058192,0.07969348659003832,0.11638591117917306
