Kennzahl,Korrelation
Pearson,-0.6370753817012952
Spearman,-0.6631292244673502
