,Bund,Land,Gesamt
Bund,1.0,,-0.9994388029478096
Land,,1.0,-0.7678208157290738
Gesamt,-0.9994388029478096,-0.7678208157290738,1.0
