model,bleu,meteor,rouge1,rouge2,rougeL
GPT-5,0.021772855705963445,0.1353587271082523,0.24592592592592594,0.08456973293768545,0.09925925925925927
GPT-4o,0.013013943268007032,0.08032938610147336,0.18479307025986524,0.06557377049180328,0.12319538017324351
Gemini,0.020667094021890774,0.09715378802582396,0.18482999128160418,0.06986899563318777,0.1133391455972101
Grok,0.015375228843652892,0.12091648210137367,0.2491228070175438,0.07381370826010544,0.11403508771929825
Claude,0.015806592828255424,0.1062402749626354,0.18370370370370367,0.05341246290801187,0.10222222222222223
