Variable,N,Mittelwert,SD,Min,Q1,Median,Q3,Max,Anzahl_Fehlend
Objektnummer,11172,17045.000179018974,15321.460802295687,3,3994.75,10961,28347.25,55996,0
