cat_label,gesamt_wert,mittelwert_pro_jahr
1 Raum,6,0.5454545454545454
7 oder mehr R‰ume,32,2.909090909090909
6 R‰ume,47,4.2727272727272725
5 R‰ume,46,4.181818181818182
4 R‰ume,51,4.636363636363637
3 R‰ume,68,6.181818181818182
2 R‰ume,35,3.1818181818181817
