model,bleu,meteor,rouge1,rouge2,rougeL
GPT-5,0.014962110947475727,0.08416155728002105,0.25000000000000006,0.10604651162790697,0.13011152416356878
GPT-4o,0.006664823748910788,0.06650471547901678,0.21172453044963002,0.08774928774928775,0.15480933409220263
Gemini,0.0027831164014577585,0.055169814532938635,0.18309037900874633,0.06771745475773497,0.1119533527696793
Grok,0.01043709941417917,0.07719436954820869,0.25865800865800864,0.10617551462621885,0.15043290043290042
Claude,0.013437597859484781,0.07754804604831482,0.2300128259940145,0.08557980316645272,0.12398460880718257
