serie,anzahl,mittelwert,standardabweichung,minimum,maximum
Ankünfte,11,10760.545454545454,2489.805227869697,8011,13959
Übernachtungen,11,19836.636363636364,3049.2644120419363,15402,23834
