Variable,Anzahl,Mittelwert,SD,Min,Max
Objektnummer,11172,17045.000179018974,15321.460802295687,3,55996
