model,bleu,meteor,rouge1,rouge2,rougeL
GPT-5,0.02017394608185634,0.08961613663785555,0.20754716981132076,0.07395751376868608,0.10849056603773585
GPT-4o,0.0060528796799463646,0.06670309232726365,0.16981962164540254,0.05636283575517394,0.11702595688517377
Gemini,0.008103412790841907,0.0651687208734981,0.1573321932449765,0.05305947796320069,0.09063702436938861
Grok,0.014209967137813442,0.08666508985247516,0.22372881355932206,0.08736217133163698,0.12457627118644068
Claude,0.018913183866439406,0.09027474056326032,0.19432892249527411,0.07188800605372683,0.10737240075614367
