model,bleu,meteor,rouge1,rouge2,rougeL
GPT-5,0.01299685232751202,0.08233109636819988,0.15963431786216598,0.048557353976073185,0.0829817158931083
GPT-4o,0.004085963166205928,0.05771567022823175,0.14263920671243327,0.050381679389312976,0.08390541571319604
Gemini,0.004934080936507971,0.0608343232907509,0.13777441332323995,0.05303030303030303,0.080999242997729
Grok,0.010148479745140687,0.08373586156669185,0.16721431179262503,0.06576543660942638,0.09346476816356333
Claude,0.012310106167035945,0.07560535610140771,0.1639881928501148,0.061700032819166396,0.08724171859626108
