pearson_r,p_wert,konf_int_unten,konf_int_oben
-0.8970030013842123,8.487979868629881e-12,-0.9495380165205988,-0.7955115862934989
