model,bleu,meteor,rouge1,rouge2,rougeL
GPT-5,0.03772213851967299,0.13600753449567787,0.3032288254562471,0.11709601873536299,0.15067852129153017
GPT-4o,0.017424437715689103,0.10288710555731333,0.28686462003019625,0.09974811083123425,0.16809260191243078
Gemini,0.006680265350466791,0.08525530615363876,0.20581395348837211,0.07334109429569266,0.10930232558139534
Grok,0.0285388723684133,0.13790765789198137,0.3363363363363363,0.13026052104208416,0.16416416416416416
Claude,0.042319735307428434,0.13064365082457097,0.29586330935251803,0.10351035103510352,0.14658273381294964
