model,bleu,meteor,rouge1,rouge2,rougeL
GPT-5,0.01828025637272614,0.10028878086399999,0.2477095351204615,0.08828522920203735,0.12215812690872074
GPT-4o,0.01009836573616667,0.07014851584313209,0.21569329989251168,0.07386159913947651,0.12325331422429238
Gemini,0.00032158484069677037,0.037271456371882415,0.10429703796412183,0.036743215031315245,0.060075093867334166
Grok,0.00637855798588219,0.07808473016913338,0.22073578595317728,0.07363332093715136,0.12411742846525453
Claude,0.0159163583649345,0.09054686943557322,0.24457066488473106,0.08425275827482448,0.11827597728032074
