model,bleu,meteor,rouge1,rouge2,rougeL
GPT-5,0.008154856848245766,0.08442436263571657,0.21181887950882577,0.058371735791090625,0.08979278587874136
GPT-4o,0.0005868483697600873,0.049618589672742894,0.16901408450704225,0.04613413071337035,0.078531796841656
Gemini,0.0019430667477125065,0.061673662096728456,0.17707902358295408,0.04389233954451346,0.06619776582540339
Grok,0.0021190571486810355,0.06977932129293016,0.1828810020876827,0.061011282908483074,0.07933194154488518
Claude,0.009883577377205303,0.08089620166698033,0.22780203784570593,0.06117989803350327,0.07569141193595341
