,count,mean,std,min,25%,50%,75%,max
Objektnummer,11172.0,17045.000179018974,15321.460802295689,3.0,3994.75,10961.0,28347.25,55996.0
