model,bleu,meteor,rouge1,rouge2,rougeL
GPT-5,0.01122699563147959,0.08001848642495261,0.16078136739293766,0.04661654135338346,0.06912096168294515
GPT-4o,0.0008357164174029421,0.03786298208771208,0.11749232792634809,0.039491004826678375,0.07891275756247261
Gemini,0.0015898492473572692,0.049563129774551344,0.12248468941382326,0.03239929947460596,0.0699912510936133
Grok,0.0044331278016343425,0.07333025978247215,0.17002053388090352,0.05096588573777229,0.07720739219712526
Claude,0.01019453514560474,0.07160881877975468,0.15250544662309368,0.05232558139534883,0.07407407407407408
