metric,correlation
pearson,-0.15672887050870482
spearman,-0.14525310802198868
