anzahl,mittelwert,sd,minimum,median,maximum
74,7.702702702702703,9.292403333832574,-2,4,45
