n,mean,sd,min,q1,median,q3,max
74,7.702702702702703,9.292403333832574,-2,2,4,9,45
