model,bleu,meteor,rouge1,rouge2,rougeL
GPT-5,0.015541850370707279,0.11377686503661344,0.2800982800982801,0.0962416578854935,0.11793611793611794
GPT-4o,0.004244148047766201,0.07403439312672488,0.2428139183055976,0.07872823618470856,0.12329803328290469
Gemini,0.00039097407285997835,0.051781825328944514,0.17341040462427745,0.05867768595041323,0.08092485549132948
Grok,0.008804941416926868,0.09322113562771689,0.2769004774146162,0.09334803381109887,0.1241278002203452
Claude,0.008665963227487708,0.0863387089552197,0.27838033261026757,0.09261939218523878,0.12364425162689806
