model,bleu,meteor,rouge1,rouge2,rougeL
GPT-5,0.017522322424846436,0.08628352353282008,0.1797323135755258,0.06199770378874857,0.10401529636711282
GPT-4o,0.010267643501162561,0.07234071755394719,0.18166596902469653,0.06535400083787181,0.11301799916282963
Gemini,0.0048491464214730495,0.06159038216374244,0.1433628318584071,0.04782993799822853,0.08672566371681416
Grok,0.00790542785488931,0.08460604955136114,0.20427760803142733,0.07863695937090433,0.11697948494107377
Claude,0.0231153061670788,0.09824935778289359,0.1901663051337672,0.06946454413892908,0.10267534345625452
