model,bleu,meteor,rouge1,rouge2,rougeL
GPT-5,0.019007993431772882,0.10302688738263537,0.22406234778373113,0.08386153096050707,0.12079883097905503
GPT-4o,0.003586973086546877,0.05892328484135571,0.1735052754982415,0.06924882629107981,0.12426729191090269
Gemini,0.005760507842417155,0.07011514104381168,0.18212290502793296,0.06935123042505593,0.11843575418994412
Grok,0.012392580396341833,0.09698965934844257,0.21996796583021888,0.07910208444681989,0.11211959423384943
Claude,0.011088409518367814,0.09094803177156402,0.21905697445972494,0.08751229105211407,0.12082514734774066
