count,mean,std,min,25%,50%,75%,max
66.0,31607.969696969696,35848.57112525051,170.0,2803.0,18060.5,54132.25,102156.0
