model,bleu,meteor,rouge1,rouge2,rougeL
GPT-5,0.007564679980041145,0.0778903905638525,0.2311464791338947,0.10421101341971309,0.16267234200055522
GPT-4o,0.006521219691358328,0.06967361039496751,0.21189998174849425,0.09693318729463309,0.16061325059317394
Gemini,6.652823300460115e-10,0.010526175533970233,0.030868628858578606,0.016036381043561514,0.019382627422828428
Grok,0.006252734677608045,0.08227353331682571,0.21534346039935032,0.10874343048256092,0.16738320435654916
Claude,0.008902965735737905,0.07711680132948646,0.19583297607819602,0.09570362747620273,0.16445168481522765
