n,fehlend,mittelwert,sd,min,q25,median,q75,max
65,0,6.369230769230769,7.160152823895483,1,2,4,7,32
