model,bleu,meteor,rouge1,rouge2,rougeL
GPT-5,0.0104972369339235,0.08395246009362563,0.1619519094766619,0.047416843595187545,0.07920792079207921
GPT-4o,0.0026454717065318685,0.05920763674691997,0.147117296222664,0.058097890966971745,0.08588469184890657
Gemini,0.0029758449210657784,0.06352579848705663,0.14988290398126464,0.05078125,0.08508977361436376
Grok,0.009339286005332206,0.08081624381088937,0.1905476369092273,0.06981981981981981,0.09077269317329334
Claude,0.017687004838274453,0.08902807254234017,0.20020429009193055,0.07836456558773423,0.1055498808307797
