n,summe,mittelwert,sd,minimum,q1,median,q3,maximum
6,187112,31185.333333333332,12080.928981939538,23093,23241,23685,41004.75,46778
