model,bleu,meteor,rouge1,rouge2,rougeL
GPT-5,0.03817395406836841,0.1368325292910977,0.2992424242424242,0.11090047393364928,0.15246212121212122
GPT-4o,0.021282841511054567,0.10308537516167389,0.3037578288100209,0.1128526645768025,0.17014613778705637
Gemini,0.006860868963301071,0.0779038180263071,0.19324244220509781,0.0712166172106825,0.1114404267931239
Grok,0.02292600871854953,0.12412091452409652,0.2971428571428571,0.10504420176807072,0.1620779220779221
Claude,0.03765551858717297,0.12596054247920657,0.28354203935599287,0.09758281110116383,0.14669051878354203
