model,bleu,meteor,rouge1,rouge2,rougeL
GPT-5,0.03825690453590122,0.13986961800039252,0.29764762361977914,0.11436809226333494,0.1555448871819491
GPT-4o,0.022225250920156873,0.10751239813328306,0.30446194225721784,0.10825013137151865,0.1679790026246719
Gemini,0.0036518832746192794,0.0731217735879355,0.177153329260843,0.0672782874617737,0.10507025045815517
Grok,0.020045997359912537,0.12040401295942196,0.2925559604372723,0.10005211047420531,0.16345653305570018
Claude,0.03997855718270388,0.13550682540620376,0.27929096411586685,0.09952401557767199,0.14267185473411154
