,time,value
time,1.0,-0.015424471666824287
value,-0.015424471666824287,1.0
