model,bleu,meteor,rouge1,rouge2,rougeL
GPT-5,0.025497649285816756,0.1299490271163579,0.3648180242634316,0.12489158716392021,0.1533795493934142
GPT-4o,0.006199264352180824,0.0812118827177642,0.30069930069930073,0.1,0.16183816183816183
Gemini,0.0015828233357611818,0.06570330355942457,0.20856201975850716,0.07252747252747252,0.10098792535675083
Grok,0.014549815756439929,0.10833859470388205,0.35146846413095817,0.12626506024096384,0.16466056812710642
Claude,0.02130127031507606,0.10817359861546853,0.33304498269896193,0.1186147186147186,0.1444636678200692
