model,bleu,meteor,rouge1,rouge2,rougeL
GPT-5,0.007025486473400747,0.06868687435898453,0.16540755467196822,0.05093513728611221,0.07475149105367793
GPT-4o,0.0009375667382779504,0.04140699002981749,0.11666666666666667,0.038630377524143986,0.07982456140350877
Gemini,0.0019231946421833287,0.052383992121950614,0.11932555123216601,0.04154045867589788,0.07349762213575442
Grok,0.0022220962347964026,0.06436356174595839,0.15860566448801744,0.04709986916703009,0.08017429193899783
Claude,0.00861238041381444,0.06496857366128478,0.13829387448327696,0.04512974802557353,0.07065013152950018
