model,bleu,meteor,rouge1,rouge2,rougeL
GPT-5,0.01740763040981728,0.09123846126201178,0.22695035460992907,0.08350730688935282,0.11931581143095536
GPT-4o,0.007753452029981012,0.06843529263692723,0.18489835430784127,0.07945736434108527,0.13262342691190707
Gemini,0.011305912194595626,0.07550281540755784,0.1823956442831216,0.06902815622161672,0.11705989110707807
Grok,0.014119640907384459,0.09597077918406294,0.2441700960219479,0.09153318077803205,0.1289437585733882
Claude,0.017325303622369972,0.09309064253670225,0.22641509433962265,0.09094412331406551,0.11397766653831345
