n,mittelwert,sd,median,minimum,maximum
3,30036.052666666666,51930.32969585618,108,0.158,90000
