,count,mean,std,min,median,max
kenn,364.0,96761181.0,0.0,96761181.0,96761181.0,96761181.0
value,364.0,0.10750000000000001,0.008651024239110357,0.093,0.111,0.126
