,count,mean,std,min,25%,50%,75%,max
Objektnummer,346.0,15826.803468208092,15558.0841863537,439.0,2679.0,9073.5,27207.25,54878.0
