model,bleu,meteor,rouge1,rouge2,rougeL
GPT-5,0.013209076768336414,0.0807146753216483,0.1686166551961459,0.06129476584022039,0.08602890571231933
GPT-4o,0.0032418427550492566,0.057816619289955754,0.1314090391188758,0.050931204865070315,0.0850740600075959
Gemini,0.006490537967667587,0.06161884813855172,0.1386066763425254,0.05446623093681917,0.079100145137881
Grok,0.011131673773849975,0.08578708983541469,0.17719731733145075,0.08053691275167786,0.09389339922343806
Claude,0.019426615526647602,0.07828421919479536,0.15842839036755388,0.06214331008243501,0.08745247148288972
