,time,value
time,1.0,0.1754977208109018
value,0.1754977208109018,1.0
