Variable,N,Missing,Mean,SD,Min,Q1,Median,Q3,Max
Objektnummer,371,0,19178.859838274933,14549.600810787715,313,7301.5,13368,28335,52821
