model,bleu,meteor,rouge1,rouge2,rougeL
GPT-5,0.01080607861883309,0.07839927350935966,0.1800595238095238,0.0573343261355175,0.07142857142857142
GPT-4o,0.00373649403203489,0.04712027525719382,0.13150684931506848,0.043869956913435176,0.07436399217221135
Gemini,0.0017114654408335113,0.04789536521774166,0.11301799916282963,0.03435274403016339,0.06529928840519046
Grok,0.0027195379286678125,0.06512583104917147,0.16461916461916462,0.05737704918032786,0.07534807534807535
Claude,0.009747376572628164,0.06635904319487271,0.15101156069364163,0.04844540853217642,0.06864161849710983
