,count,mean,std,min,median,max
Objektnummer,11172.0,17045.000179018974,15321.460802295689,3.0,10961.0,55996.0
