,Besuche,Besucher,Seitenaufrufe,Seiten_pro_Besuch,Conversions__Last_Ad_,Conversion_Wert__Last_Ad_
Besuche,1.0,0.9978450397856263,0.8276622192632259,0.5057063402041785,,
Besucher,0.9978450397856263,1.0,0.8359320282947573,0.5196493833195757,,
Seitenaufrufe,0.8276622192632259,0.8359320282947573,1.0,0.8842749855651165,,
Seiten_pro_Besuch,0.5057063402041785,0.5196493833195757,0.8842749855651165,1.0,,
Conversions__Last_Ad_,,,,,,
Conversion_Wert__Last_Ad_,,,,,,
