model,bleu,meteor,rouge1,rouge2,rougeL
GPT-5,0.016680714785575496,0.09072693172203597,0.213961922030825,0.0662431941923775,0.10607434270172257
GPT-4o,0.01037737196703367,0.06468954573515034,0.15574650912996776,0.06236559139784946,0.11600429645542427
Gemini,0.009006826280947993,0.07372164472694441,0.16804864566058594,0.0630879911455451,0.1138750690989497
Grok,0.013702294749749575,0.0909577779654432,0.26807387862796833,0.0929741151611199,0.12348284960422165
Claude,0.016766934961828128,0.08769613948523187,0.1991960696739616,0.06794814483683505,0.10093791871371148
