model,bleu,meteor,rouge1,rouge2,rougeL
GPT-5,0.015582368259206275,0.09377919920677281,0.22464261402314498,0.08038147138964578,0.11572498298162015
GPT-4o,0.009014026206553612,0.07001585648709974,0.20852740953063417,0.07529580494801004,0.1254030813328556
Gemini,0.000414069004779558,0.03968076676518975,0.10714285714285715,0.03408146300914381,0.061461794019933555
Grok,0.010741177743490366,0.09480803225685379,0.2522851919561243,0.09001097694840834,0.12723948811700184
Claude,0.017489834835651818,0.09557270593731686,0.26198905696813646,0.08824476650563608,0.11779851947215964
