variable,n,n_na,mean,sd,min,q25,median,q75,max
Objektnummer,371,0,19178.859838274933,14549.600810787715,313,7301.5,13368,28335,52821
