,count,mean,std,min,25%,50%,75%,max
Objektnummer,371.0,19178.859838274933,14549.600810787719,313.0,7301.5,13368.0,28335.0,52821.0
