model,bleu,meteor,rouge1,rouge2,rougeL
GPT-5,0.029636671940437904,0.1131971247733365,0.21372912801484228,0.08614927590048271,0.10538033395176252
GPT-4o,0.007820605986984142,0.07099462087339105,0.18851380973257345,0.06669591926283458,0.11749232792634809
Gemini,0.00759956526306355,0.06807910324137598,0.15639609009774755,0.049340706082518074,0.0926476838079048
Grok,0.013610050925710078,0.08126342571798426,0.20519159456118666,0.0775257731958763,0.11454470539761022
Claude,0.019646364372732594,0.08947994510522334,0.1967705595193391,0.06839534009770762,0.10364250844911753
