model,bleu,meteor,rouge1,rouge2,rougeL
GPT-5,0.0064431231890285205,0.07736420594908898,0.1814868804664723,0.06929248723559446,0.08965014577259474
GPT-4o,0.0017902344010325792,0.0540410336124262,0.13834466213514596,0.05202080832332933,0.08636545381847262
Gemini,0.004197091949499052,0.06546683983407478,0.15408085430968724,0.05190839694656488,0.08237986270022885
Grok,0.00779300310918665,0.08414654943143032,0.19226436349981224,0.07666290868094701,0.0938790837401427
Claude,0.00886634962273998,0.07842323101481317,0.19840443981963235,0.06872613675807011,0.09157127991675339
