model,bleu,meteor,rouge1,rouge2,rougeL
GPT-5,0.020021792038077742,0.1134539524783857,0.28620928620928615,0.10540915395284327,0.12474012474012473
GPT-4o,0.007696628660010412,0.08121228728647198,0.2561247216035635,0.09658246656760774,0.1299183370452858
Gemini,0.00016690685339130234,0.04429096723022972,0.13384484228473997,0.05119453924914676,0.07587382779198636
Grok,0.007881486695541527,0.09667386787243748,0.2700453857791225,0.10825132475397427,0.12783661119515885
Claude,0.013266317828189527,0.09111939591914026,0.2563214409421545,0.10259965337954939,0.1205403533079321
