spalte,count,mean,std,min,5%,25%,50%,75%,95%,max
Ergebnis_num,66.0,69401.3926060606,493324.00951625203,0.0,0.002,0.03,0.19,2.6075,28750.0,4000000.0
