model,bleu,meteor,rouge1,rouge2,rougeL
GPT-5,0.027705377668704574,0.11489072844331276,0.25266362252663627,0.09596344249809596,0.11187214611872145
GPT-4o,0.007361565634957705,0.07307176368075505,0.20686619718309857,0.07577092511013216,0.11795774647887323
Gemini,0.005313591052204343,0.07111842427997667,0.158702323542306,0.05440982887231242,0.0920648838228847
Grok,0.01073928286438,0.09112045758689646,0.23499361430395913,0.08606731998295697,0.11494252873563218
Claude,0.02745600109917285,0.09778327292551901,0.25755287009063443,0.10506424792139078,0.11102719033232629
