model,bleu,meteor,rouge1,rouge2,rougeL
GPT-5,0.01640672507189571,0.10749179741276191,0.24467701190905808,0.07945106536655833,0.12486466979429808
GPT-4o,0.006789290315318018,0.07315349513095151,0.21662071681764472,0.0804099329917225,0.13154785348562426
Gemini,0.007234492344584982,0.07966081537619939,0.19469026548672566,0.07085098190219484,0.1208156983455175
Grok,0.010893849317438876,0.09583866200182377,0.2549019607843137,0.0860377358490566,0.13197586726998492
Claude,0.016322405382279748,0.08993017107506945,0.22426095820591233,0.0782046922815369,0.11824668705402651
