"","Besuche","Besucher","Seitenaufrufe","Seiten_pro_Besuch","Conversions__Last_Ad_","Conversion_Wert__Last_Ad_","Besuche_num","Besucher_num"
"Besuche",1,0.997845039785626,0.827662219263226,0.505706340204178,NA,NA,1,0.997845039785626
"Besucher",0.997845039785626,1,0.835932028294757,0.519649383319575,NA,NA,0.997845039785626,1
"Seitenaufrufe",0.827662219263226,0.835932028294757,1,0.884274985565117,NA,NA,0.827662219263226,0.835932028294757
"Seiten_pro_Besuch",0.505706340204178,0.519649383319575,0.884274985565117,1,NA,NA,0.505706340204178,0.519649383319575
"Conversions__Last_Ad_",NA,NA,NA,NA,NA,NA,NA,NA
"Conversion_Wert__Last_Ad_",NA,NA,NA,NA,NA,NA,NA,NA
"Besuche_num",1,0.997845039785626,0.827662219263226,0.505706340204178,NA,NA,1,0.997845039785626
"Besucher_num",0.997845039785626,1,0.835932028294757,0.519649383319575,NA,NA,0.997845039785626,1
