model,bleu,meteor,rouge1,rouge2,rougeL
GPT-5,0.018084669328060885,0.10260206789425573,0.23406408094435074,0.08437394532568343,0.12074198988195615
GPT-4o,0.010415672562641885,0.0750075260189206,0.21712647796488713,0.0760129078522768,0.12468649229666787
Gemini,0.0004513856083236968,0.03979777137270888,0.11275720164609053,0.042009884678747944,0.05925925925925926
Grok,0.0073543579477612945,0.08528651694562006,0.24306076519129782,0.08708708708708708,0.12978244561140287
Claude,0.015531008006933727,0.08947856621537281,0.2429095762429096,0.08814691151919865,0.11745078411745077
