model,bleu,meteor,rouge1,rouge2,rougeL
GPT-5,0.015728877535906374,0.094498701900878,0.24592592592592594,0.087988136431043,0.10666666666666667
GPT-4o,0.007001252334050747,0.07358047553553053,0.20185614849187936,0.07665505226480837,0.12529002320185612
Gemini,0.009602573337444466,0.08063367256717009,0.2039258451472192,0.07096069868995633,0.10905125408942204
Grok,0.017230408634739767,0.10338937180964808,0.29861849096705634,0.1351063829787234,0.14240170031880978
Claude,0.01525866298048627,0.0917182515590093,0.24022878932316494,0.09637404580152671,0.10200190657769304
