Standort,KBR,KKB,KKK
KBR,1,0.725785455557594,0.6092968244412895
KKB,0.725785455557594,1,0.5987364628421156
KKK,0.6092968244412895,0.5987364628421156,1
