model,bleu,meteor,rouge1,rouge2,rougeL
GPT-5,0.007643423951662313,0.07893279344166187,0.21939811137587148,0.09868479124371082,0.15444356190980496
GPT-4o,0.005192500721363802,0.07058091991519952,0.21263791374122365,0.11035111719106248,0.160481444332999
Gemini,3.547582834789301e-12,0.010258367669812798,0.026034402603440258,0.009532666821669379,0.016271501627150162
Grok,0.0055917231161049675,0.07472728620063973,0.21873860736419978,0.09990884229717412,0.15986146554866934
Claude,0.010117469390980186,0.07514562210070869,0.19978918349144573,0.08871948747060253,0.15616638287521284
