model,bleu,meteor,rouge1,rouge2,rougeL
GPT-5,0.028209481972752956,0.1413524044078116,0.24049914917753829,0.07950028392958547,0.15428247305728873
GPT-4o,0.020999204317848377,0.1137306962713736,0.2535211267605634,0.08462055070517126,0.1757209926224011
Gemini,0.021833405615189167,0.12208872702265987,0.21901639344262294,0.07485226526592252,0.13245901639344262
Grok,0.02809290086984655,0.15673475942089518,0.2848141146817895,0.09968454258675079,0.16761184625078765
Claude,0.02972065388608339,0.15527849972620833,0.23694779116465864,0.08341708542713568,0.13855421686746988
