model,bleu,meteor,rouge1,rouge2,rougeL
GPT-5,0.014313533659516198,0.08462817020616878,0.18405797101449275,0.05366207396664249,0.06956521739130435
GPT-4o,0.0012201311264546343,0.040484142903172614,0.12244897959183675,0.041684035014589414,0.07746772178259059
Gemini,0.0016614905686229873,0.05130666651311553,0.12954450480568322,0.046005855290673366,0.07354784788967822
Grok,0.002264228749771712,0.05740296424231333,0.15116279069767444,0.04821280133000831,0.07807308970099669
Claude,0.00855779640123571,0.06466617123717813,0.14589442815249265,0.04402054292002934,0.06011730205278591
