model,bleu,meteor,rouge1,rouge2,rougeL
GPT-5,0.012092403324363699,0.09364005409868932,0.19767441860465115,0.07370054305663305,0.10387596899224805
GPT-4o,0.007927261579055678,0.07420071934477014,0.17420435510887772,0.06119027661357922,0.11139028475711892
Gemini,0.006510336725852641,0.07137637382403983,0.15487651737128505,0.057813154587348134,0.08539137714524905
Grok,0.011555052539051433,0.10461476026985986,0.2196392785571142,0.08182912154031288,0.10741482965931863
Claude,0.013869666118354787,0.09244771804565056,0.1955056179775281,0.0704647676161919,0.10112359550561797
