model,bleu,meteor,rouge1,rouge2,rougeL
GPT-5,0.04133778388827008,0.14560151498641666,0.29055912007332724,0.12568807339449542,0.14940421631530706
GPT-4o,0.015671303590443608,0.09901846231179141,0.2759336099585062,0.09241952232606439,0.16597510373443983
Gemini,0.0050362978240386,0.07832212745436107,0.18601964182553435,0.06477732793522267,0.11554015020219527
Grok,0.018183782784212787,0.12016883120471195,0.30296827021494366,0.11270491803278689,0.1637666325486182
Claude,0.03554271690667508,0.1253990194290279,0.2752688172043011,0.0938441670253982,0.14021505376344084
