model,bleu,meteor,rouge1,rouge2,rougeL
GPT-5,0.014510812270753773,0.07837523140745296,0.1930594335859593,0.06786427145708582,0.08536098923015557
GPT-4o,0.0014394685119321286,0.04401296572511731,0.12923633077270674,0.047942107643600185,0.0858563036601898
Gemini,0.003864369972178654,0.0534648635733304,0.12207792207792209,0.03726169844020798,0.070995670995671
Grok,0.005478373570424766,0.07253773432400908,0.1748917748917749,0.05719237435008665,0.08398268398268398
Claude,0.013946912792558245,0.08013092028660516,0.17085427135678394,0.05725338491295938,0.07653652879783533
