n,fehlend,mittelwert,sd,minimum,median,maximum
66,38,69249.07357575757,493343.4043049916,0,0.19,4000000
