model,bleu,meteor,rouge1,rouge2,rougeL
GPT-5,0.013706124806072443,0.08905645989879356,0.25178389398572887,0.07142857142857142,0.10193679918450561
GPT-4o,0.0009525688214170666,0.0491825329597933,0.1887240356083086,0.05941770647653,0.10919881305637982
Gemini,0.002180236973684263,0.05530055560994908,0.18026240730176837,0.04568817818389492,0.09127210496292071
Grok,0.003524191498231792,0.07267911099241343,0.21979286536248557,0.07258064516129033,0.10471806674338321
Claude,0.014050317210989798,0.08171778479490988,0.24387990762124712,0.06287563569116968,0.09699769053117784
