Feld,Anteil_Platzhalter
Beschreibung,0.7341040462427746
Schutzumfang,0.4492753623188406
