model,bleu,meteor,rouge1,rouge2,rougeL
GPT-5,0.008210095404198026,0.0845210650050282,0.21486959906578437,0.05375925204518893,0.07473725184896847
GPT-4o,0.00045191398838930174,0.04753250871914205,0.165374677002584,0.04482758620689656,0.07924203273040484
Gemini,0.002049959592175241,0.06227462741519728,0.17794177941779415,0.03939269593762823,0.06724067240672406
Grok,0.0019668947204697744,0.06682033753326894,0.17548278757346766,0.05378151260504201,0.07892527287993284
Claude,0.009466844423908861,0.0785565796861843,0.22270270270270273,0.0569780021637216,0.07279279279279278
