model,bleu,meteor,rouge1,rouge2,rougeL
GPT-5,0.011257782502966806,0.12745090990168026,0.14891913530824658,0.04971932638331997,0.07526020816653321
GPT-4o,0.03727000936230063,0.09896556722275386,0.1673640167364017,0.07756813417190775,0.09205020920502092
Gemini,0.037372999063548365,0.11875931988856463,0.19269102990033224,0.06437291897891231,0.08859357696567
Grok,0.04411668128656557,0.13890612746895642,0.19234543670264964,0.06489675516224189,0.0745829244357213
Claude,0.048611598821833565,0.15953536636321458,0.18674698795180722,0.06485671191553545,0.06626506024096385
