Geschlecht,n,mean,median,std,min,max
männlich,6092,26.12639527248851,19.0,20.207545172482288,0,99
weiblich,10772,33.55087263275158,33.0,19.688128995417365,0,97
