,count,mean,std,min,25%,50%,75%,max
Ortsteil,16778.0,40.286923352008586,32.124848421324415,0.0,13.0,31.0,71.0,95.0
Alter,16864.0,30.868833017077797,20.194173731775045,0.0,13.0,30.0,44.0,99.0
Geschlecht,16864.0,1.6387571157495255,0.48037500603579814,1.0,1.0,2.0,2.0,2.0
Staat,16864.0,186.04548149905122,116.17963322546417,0.0,166.0,166.0,166.0,999.0
Gebiet,16621.0,143.76006257144576,67.4859708777682,0.0,166.0,166.0,166.0,996.0
Wohndauer,3169.0,78.47459766487852,60.57478318305605,0.0,33.0,60.0,108.0,302.0
