model,bleu,meteor,rouge1,rouge2,rougeL
GPT-5,0.007594761704705389,0.09215933745581753,0.24914442162902123,0.06305688827964359,0.1300479123887748
GPT-4o,0.004443859372198946,0.07471237462200792,0.18456078083407276,0.06577777777777777,0.129547471162378
Gemini,0.0058175539476561676,0.07312977312107713,0.19639934533551553,0.04918032786885245,0.11456628477905073
Grok,0.007042498226537638,0.0984164432182949,0.29534510433386835,0.09003215434083602,0.14767255216693417
Claude,0.007513399983874326,0.08661777388594412,0.23529411764705885,0.0555923229649239,0.12161269001982815
