model,bleu,meteor,rouge1,rouge2,rougeL
GPT-5,0.012041158286302981,0.07681598428040433,0.15207715133531158,0.0489977728285078,0.06824925816023739
GPT-4o,0.0004525601175203772,0.03774783630446782,0.11716989634970708,0.03969327920613441,0.08201892744479494
Gemini,0.002018820326745201,0.05261540211179995,0.12380952380952379,0.042461005199306755,0.0735930735930736
Grok,0.002941233751905815,0.06468409689878046,0.1603411513859275,0.04780196329492104,0.07761194029850746
Claude,0.009664269049686144,0.0667572323516581,0.14474650991917706,0.04779411764705882,0.06906686260102865
