anzahl_zeilen,anzahl_value_na,min,q1,median,mean,sd,q3,max
6,0,23093,23241,23685,31185.333333333332,12080.928981939538,41004.75,46778
