variable,n,mean,sd,min,median,max
ergebnis_num,66,69401.3926060606,493324.00951625203,0,0.19,4000000
hauptprobenummer,104,201600429,0,201600429,201600429,201600429
