model,bleu,meteor,rouge1,rouge2,rougeL
GPT-5,0.009341633858847186,0.08759177201940202,0.214013709063214,0.058689024390243906,0.08377760853008377
GPT-4o,0.0005148299304507263,0.04773162420824844,0.16223175965665237,0.04467353951890034,0.07896995708154507
Gemini,0.0016511460689018042,0.06258637043608754,0.16513761467889906,0.04257095158597663,0.0658882402001668
Grok,0.0026167961973453426,0.06905279665548676,0.17970049916805325,0.0566194837635304,0.0773710482529118
Claude,0.01418088860808604,0.08665181285926095,0.23755047106325702,0.06060606060606061,0.07200538358008075
