value_variable_label,2_variable_attribute_label,anzahl,summe,mittelwert,sd,minimum,median,maximum
G횄짚steank횄쩌nfte in Beherbergungsbetrieben,Ausland,11,7618,692.5454545454545,343.89921885237356,170,696,1146
G횄짚steank횄쩌nfte in Beherbergungsbetrieben,Inland,11,176751,16068.272727272728,6184.631922611225,4977,17750,23323
G횄짚steank횄쩌nfte in Beherbergungsbetrieben,Insgesamt,11,184369,16760.81818181818,6508.232537612371,5147,18371,24469
G횄짚ste횄쩌bernachtungen in Beherbergungsbetrieben,Ausland,11,26848,2440.7272727272725,1241.84363676826,495,2682,3860
G횄짚ste횄쩌bernachtungen in Beherbergungsbetrieben,Inland,11,831846,75622.36363636363,24643.36854519985,32355,93023,98731
G횄짚ste횄쩌bernachtungen in Beherbergungsbetrieben,Insgesamt,11,858694,78063.09090909091,25760.145703992228,32850,95705,102156
