model,bleu,meteor,rouge1,rouge2,rougeL
GPT-5,0.01655515423379631,0.10316655161272915,0.24866785079928952,0.0968888888888889,0.11900532859680284
GPT-4o,0.0038541019308553745,0.07270866216264658,0.22503961965134708,0.074034902168165,0.13734812466983626
Gemini,0.004197478260840282,0.06763543116686578,0.17355371900826447,0.06308169596690796,0.10227272727272725
Grok,0.008624879177581223,0.10025762548891515,0.2651325662831416,0.10515773660490736,0.13206603301650827
Claude,0.015049578435886456,0.10648237380746889,0.2563237774030354,0.09789029535864979,0.12225969645868465
