2_variable_attribute_label,cor_time_value
Ausland,-0.04511417035762654
Inland,0.6051274380534852
Insgesamt,0.49662493097072596
