model,bleu,meteor,rouge1,rouge2,rougeL
GPT-5,0.010531818027601484,0.08881942102046958,0.2129080118694362,0.05196733481811433,0.07640949554896143
GPT-4o,0.0005660087234096144,0.04834971484685336,0.1680887372013652,0.04526046114432109,0.07849829351535836
Gemini,0.001281650806610629,0.05865420578057104,0.15593220338983052,0.04071246819338422,0.06694915254237288
Grok,0.0026239505150125373,0.0745560786430035,0.19459459459459458,0.059092800665834375,0.07900207900207899
Claude,0.00927919862500089,0.08113686223933962,0.22189992748368384,0.05587808417997098,0.07179115300942714
