model,bleu,meteor,rouge1,rouge2,rougeL
GPT-5,0.020551401498123338,0.08938323667971515,0.18677940046118371,0.06538461538461539,0.1037663335895465
GPT-4o,0.010272962948564899,0.07395945340198759,0.18667798048366566,0.06878980891719745,0.11455239711497665
Gemini,0.008004511626725084,0.07073162838499504,0.15260703688003394,0.044972422571064916,0.08902077151335312
Grok,0.009515676555598655,0.08699488407486752,0.2124731182795699,0.07748600947051228,0.11440860215053764
Claude,0.014373770182112689,0.07563070953711278,0.17061611374407584,0.06324110671936758,0.10584518167456555
