model,bleu,meteor,rouge1,rouge2,rougeL
GPT-5,0.031859546149360214,0.15958271126000223,0.24986709197235515,0.09047365620010643,0.1446039340776183
GPT-4o,0.021149730764325334,0.11158767547962187,0.24800000000000003,0.0814419225634179,0.17333333333333334
Gemini,0.018527994251958717,0.10160660061050103,0.20779220779220778,0.07255304585900069,0.13807245386192754
Grok,0.026486548960787216,0.15025043560470408,0.2831858407079646,0.09113924050632913,0.1731984829329962
Claude,0.032233973348569436,0.1490789978132846,0.256,0.09289909236518953,0.14720000000000003
