model,bleu,meteor,rouge1,rouge2,rougeL
GPT-5,0.019557495547223042,0.10749290400899084,0.24734042553191493,0.09713905522288756,0.11502659574468087
GPT-4o,0.006422719326823956,0.0694578912715377,0.2106438407145515,0.07672253258845436,0.1287681429103089
Gemini,0.0003997200804422121,0.037652290093422185,0.11124845488257108,0.03628865979381444,0.05768438401318501
Grok,0.011087288076650485,0.09230178430211144,0.2532467532467533,0.0851985559566787,0.12987012987012986
Claude,0.015502876612198863,0.08400895315104959,0.2286096256684492,0.08093645484949832,0.11965240641711232
