model,bleu,meteor,rouge1,rouge2,rougeL
GPT-5,0.008691579349104321,0.09574429978676094,0.2625804010594022,0.0901173797803862,0.12334468407113128
GPT-4o,0.007447643907753802,0.07970987482246188,0.2543486664089679,0.09593810444874276,0.13219945883262466
Gemini,0.00019110401424408634,0.04560916906771937,0.13737734165923282,0.05267857142857143,0.07493309545049064
Grok,0.008076667247491932,0.10100865952643565,0.2816679779701023,0.09842519685039369,0.12981904012588513
Claude,0.011276592661803633,0.0882690131093465,0.24271137026239062,0.08971553610503281,0.12244897959183673
