model,bleu,meteor,rouge1,rouge2,rougeL
GPT-5,0.02273541855613123,0.09421977277563642,0.18714768883878244,0.06844678450545318,0.10221721157459603
GPT-4o,0.01049355158810375,0.07543753836097174,0.18856655290102387,0.06746370623398804,0.11689419795221842
Gemini,0.0047388375378156905,0.062376713310535986,0.14818101153504878,0.04795737122557727,0.09316770186335403
Grok,0.014132197658509841,0.09190667904014142,0.21479314667781033,0.08030112923462987,0.11366485582950273
Claude,0.014599933256352513,0.08176698868191593,0.1850980392156863,0.07064364207221349,0.10588235294117647
