variable,n,fehlend,mittelwert,sd,min,q25,median,q75,max
Objektnummer,346,0,15826.803468208092,15558.0841863537,439,2679,9073.5,27207.25,54878
